file,desk,box_mac,box,cfg_selector,cfg_byte7,cfg_in,cfg_out,cfea_width,up_nch,enroll_in_out,chanmap,grant_base,grant_span,contiguous,live_edit_ch
m200-BIDIR-coldboot-2026-07-11.pcap,M-200i,00:40:ab:c4:dc:9c,S-0808,0x84,0x00,8,8,8,"40,8",1i/4o,0x00-0x2f/48,0x00,8,True,
m200-probing-nobox-2026-07-11.pcap,M-200i,,,,,,,8,40,,0x15-0x1c/8,,,,
m200-s0808-establish-switch-2026-07-11.pcap,M-200i,"00:40:ab:c4:80:3b,00:40:ab:c4:dc:9c","S-0808,S-1608",0x84,0x00,8,8,"16,8",,1i/4o,0x00-0x2f/48,0x00,8,True,
m200-s1608-BIDIR-coldboot-2026-07-11.pcap,M-200i,00:40:ab:c4:80:3b,S-1608,,,,,16,"16,40",,0x00-0x2f/48,,,,
m200-s1608-BIDIR-establish-2026-07-11.pcap,M-200i,00:40:ab:c4:dc:9c,S-0808,0x84,0x00,8,8,8,"40,8",1i/4o,0x00-0x2f/48,0x00,8,True,
m200-s1608-BIDIR-reboot-2026-07-11.pcap,M-200i,00:40:ab:c4:80:3b,S-1608,0x82,0x02,16,8,"16,8","16,40",,0x00-0x2f/48,0x20,16,True,
m200-s1608-boxB-synced-2026-07-11.pcap,M-200i,,,,,,,16,40,,0x0e-0x2d/32,,,,
m200-s1608-establish-2026-07-10.pcap,"M-200i,M-300",00:40:ab:c4:80:3b,S-1608,,,,,"16,8","16,18",,0x00-0x2f/48,0x20,16,True,
m200-s1608-establish-switch-2026-07-11.pcap,M-200i,00:40:ab:c4:80:3b,S-1608,0x82,0x02,16,8,"16,8","16,40",,0x00-0x28/41,0x20,16,True,
m200-s1608-handshake-ctrl-2026-07-11.pcap,M-200i,00:40:ab:c4:80:3b,S-1608,0x82,0x02,16,8,"16,8",16,,0x00-0x28/41,0x20,16,True,
m200-s1608-realbox-establish-2026-07-11.pcap,M-200i,,,,,,,"16,8","16,18",,0x00-0x2f/48,0x20,16,True,
m200-s1608-realbox-unicast-2026-07-11.pcap,M-200i,,,,,,,16,18,,0x00-0x2f/48,,,,
m300-coldboot-mirror-2026-07-10.pcap,M-300,,,,,,,"16,8","16,18,8",,0x00-0x2f/48,0x20,16,True,
m300-s1608-coldboot-mirror-2026-07-10.pcap,M-300,,,,,,,"16,8","16,18",,0x00-0x2f/48,0x20,16,True,
m300-s1608-coldconnect-mirror-2026-07-10.pcap,M-300,,,,,,,"16,8","16,18",,0x00-0x2f/48,0x20,16,True,
m300-s1608-establish-2026-07-10.pcap,M-300,,,,,,,8,18,,0x00-0x2f/48,,,,
matrix-m200-s0808-2026-07-11.pcap,M-200i,00:40:ab:c4:dc:9c,S-0808,0x84,0x00,8,8,8,,1i/4o,0x00-0x2f/48,0x00,8,True,
matrix-m200-s1608-2026-07-11.pcap,M-200i,00:40:ab:c4:80:3b,S-1608,0x82,0x02,16,8,"16,8",,,0x00-0x2f/48,0x20,16,True,
matrix-m200-s4000-2026-07-24.pcap,M-200i,00:40:ab:c4:08:bc,S-4000S#2,0x84,0x00,32,8,"32,8","32,40,8",4i/1o,0x00-0x2f/48,0x00,32,True,
matrix-m200-s4000-coldconnect-2026-07-24.pcap,M-200i,00:40:ab:c4:08:bc,S-4000S#2,0x84,0x00,32,8,"32,8","32,40,8",4i/1o,0x07-0x16/16,0x00,32,True,
matrix-m300-s0808-2026-07-11.pcap,M-300,00:40:ab:c4:dc:9c,S-0808,0x84,0x00,8,8,8,,1i/4o,0x00-0x2f/48,0x00,8,True,
matrix-m300-s1608-2026-07-11.pcap,M-300,00:40:ab:c4:80:3b,S-1608,0x82,0x02,16,8,"16,8",,,0x00-0x2f/48,0x20,16,True,
matrix-m5000-s0808-2026-07-11.pcap,M-5000,00:40:ab:c4:dc:9c,S-0808,0x84,0x00,8,8,8,,1i/4o,0x00-0x2f/48,0x00,8,True,
matrix-m5000-s1608-2026-07-11.pcap,M-5000,00:40:ab:c4:80:3b,S-1608,0x82,0x02,16,8,"0,16,8",,,0x00-0x2f/48,0x20,16,True,
matrix-m5000-s4000-unit1-coldconnect-2026-07-11.pcap,M-5000,00:40:ab:c4:06:80,S-4000S#1,0x84,0x00,32,8,"32,8",,4i/1o,0x00-0x2f/48,0x00,32,True,
matrix-m5000-s4000-unit2-coldconnect-2026-07-11.pcap,M-5000,00:40:ab:c4:08:bc,S-4000S#2,0x84,0x00,32,8,"32,8",,4i/1o,0x00-0x2f/48,0x00,32,True,
reac-jitter-sample.pcap,?00:40:ab:ca:15:4d,00:40:ab:c4:dc:9c,S-0808,,,,,8,,,0x00-0x07/8,,,,
reacpw-s1608-cfeatiming-2026-07-18.pcap,M-200i,00:40:ab:c4:80:41,reac-pw(slave stand-in),0x82,0x02,16,8,"16,8",,1i/4o,0x00-0x2f/48,0x20,16,True,
reacpw-s1608-establish-2026-07-18.pcap,M-200i,00:40:ab:c4:80:41,reac-pw(slave stand-in),0x82,0x02,16,8,"16,7,8",,1i/4o,0x00-0x2f/48,0x20,16,True,
reacpw-s1608-establish-acksweep-2026-07-18.pcap,M-200i,00:40:ab:c4:80:41,reac-pw(slave stand-in),0x82,0x02,16,8,"16,8",,1i/4o,0x00-0x2f/48,0x20,16,True,
reacpw-slave-m200-CONNECTED-2026-07-11.pcap,M-200i,00:40:ab:c4:80:41,reac-pw(slave stand-in),,,,,16,"16,40",,0x00-0x2f/23,,,,
reacpw-slave-m5000-established-2026-07-11.pcap,M-5000,"00:40:ab:c4:80:3b,00:40:ab:ca:15:4c","?00:40:ab:ca:15:4c,S-1608",0x82,0x02,16,8,,,,0x1d-0x24/8,0x20,6,True,
reacpw-slave-m5000-postfix-2026-07-11.pcap,M-5000,00:40:ab:c4:80:3b,S-1608,0x82,0x02,16,8,8,"16,40",,0x0d-0x24/24,0x20,6,True,
real-m200-s1608-alltraffic-2026-07-11.pcap,M-5000,00:40:ab:c4:80:3b,S-1608,,,,,16,,,0x00-0x2f/48,,,,
real-m200-s1608-coldboot-2026-07-11.pcap,M-200i,00:40:ab:c4:80:3b,S-1608,0x82,0x02,16,8,"16,8","16,40",,0x00-0x2f/48,0x20,16,True,
real-s1608-alltraffic-m5000-2026-07-11.pcap,M-5000,00:40:ab:c4:80:3b,S-1608,0x82,0x02,16,8,"16,8",,,0x00-0x2f/48,0x20,16,True,
real-s1608-coldboot-m5000-2026-07-11.pcap,M-5000,00:40:ab:c4:80:3b,S-1608,0x82,0x02,16,8,"16,8","16,40",,0x00-0x2f/48,0x20,16,True,
real_reac_stream.pcap,?00:40:ab:c9:91:9c,,,,,,,,40,,,,,,
s0808-reboot-enrollfix-2026-07-12.pcap,?00:40:ab:00:00:01,00:40:ab:c4:dc:9c,S-0808,0x84,0x00,8,8,8,"40,8",1i/4o,0x00-0x06/7,0x00,8,True,
s0808-synced-2026-07-11.pcap,M-200i,,,,,,,8,40,,0x00-0x2f/39,,,,
s1608-master-bounce-2026-07-06.pcap,?00:40:ab:00:00:01,,,,,,,16,40,,0x00-0x2f/47,,,,
s1608-master-first-link-2026-07-06.pcap,?00:40:ab:00:00:01,,,,,,,16,40,,0x00-0x2f/47,,,,
s4000s-coldboot-m5000-2026-07-12.pcap,M-200i,00:40:ab:c4:06:80,S-4000S#1,0x84,0x00,32,8,"32,8","32,40,8",4i/1o,0x00-0x2f/48,0x00,32,True,
wired-reac-a-bothdirs-2026-06-09.pcap,?00:40:ab:ca:15:4d,00:40:ab:c4:80:3b,S-1608,,,,,16,"16,40",,0x00-0x2f/47,,,,
wired-reac-loud-bothdirs-2026-06-09.pcap,?00:40:ab:ca:15:4d,00:40:ab:c4:80:3b,S-1608,,,,,16,"16,40",,0x00-0x2f/47,,,,
zoneA-48k.pcap,?00:40:ab:c9:91:9c,00:40:ab:c4:80:3b,S-1608,,,,,16,"16,40",,0x00-0x2f/48,,,,
zoneB-48k.pcap,?00:40:ab:c9:91:9d,00:40:ab:c4:dc:9c,S-0808,,,,,8,"40,8",,0x00-0x2f/47,,,,
ctl-session1-precut.pcap,M-200i,00:40:ab:c4:dc:9c,S-0808,,,,,8,,1i/4o,0x00-0x2f/48,0x00,8,True,"0x00,0x02"
ctl2.pcap,M-200i,"00:40:ab:c4:80:41,00:40:ab:c4:dc:9c","S-0808,reac-pw(slave stand-in)",0x82,0x02,16,8,"16,8",,1i/4o,0x00-0x2f/48,"0x00,0x20","16,8",True,"0x00,0x02,0x20,0x2f"
enrol-00-control.pcap,"M-200i,M-5000",00:40:ab:c4:dc:9c,S-0808,0x84,0x00,8,8,8,,1i/4o,0x00-0x2f/39,0x00,8,True,
enrol-01-control.pcap,M-200i,00:40:ab:c4:dc:9c,S-0808,,,,,8,,,0x00-0x2f/48,,,,
enrol-02-control.pcap,M-200i,00:40:ab:c4:dc:9c,S-0808,,,,,8,,,0x00-0x2f/48,,,,
enrol-03-control.pcap,M-200i,00:40:ab:c4:dc:9c,S-0808,,,,,8,,,0x00-0x2f/48,,,,
enrol-04-control.pcap,M-200i,00:40:ab:c4:dc:9c,S-0808,,,,,8,,,0x00-0x2f/48,,,,
m200-%Y%m%d-%H%M%S.pcap00,"M-200i,M-5000",00:40:ab:c4:dc:9c,S-0808,0x84,0x00,8,8,8,"40,8",1i/4o,0x00-0x2f/39,0x00,8,True,
m200-%Y%m%d-%H%M%S.pcap01,M-200i,00:40:ab:c4:dc:9c,S-0808,,,,,8,"40,8",,0x00-0x2f/48,,,,
m200-%Y%m%d-%H%M%S.pcap02,M-200i,00:40:ab:c4:dc:9c,S-0808,,,,,8,"40,8",,0x00-0x2f/48,,,,
m200-%Y%m%d-%H%M%S.pcap03,M-200i,00:40:ab:c4:dc:9c,S-0808,,,,,8,"40,8",,0x00-0x2f/48,,,,
m200-%Y%m%d-%H%M%S.pcap04,M-200i,00:40:ab:c4:dc:9c,S-0808,,,,,8,"40,8",,0x00-0x2f/48,,,,
m200-%Y%m%d-%H%M%S.pcap05,M-200i,00:40:ab:c4:dc:9c,S-0808,,,,,8,"40,8",,0x00-0x2f/48,,,,
m200-%Y%m%d-%H%M%S.pcap06,M-200i,00:40:ab:c4:dc:9c,S-0808,,,,,8,"40,8",,0x00-0x2f/48,,,,
m200-%Y%m%d-%H%M%S.pcap07,M-200i,00:40:ab:c4:dc:9c,S-0808,,,,,8,"40,8",,0x00-0x2f/48,,,,
m200-%Y%m%d-%H%M%S.pcap08,M-200i,00:40:ab:c4:dc:9c,S-0808,0x84,0x00,8,8,8,"40,8",1i/4o,0x00-0x2f/48,,,,
m200-%Y%m%d-%H%M%S.pcap09,M-200i,00:40:ab:c4:dc:9c,S-0808,,,,,8,"40,8",,0x00-0x2f/48,0x00,8,True,
m200-%Y%m%d-%H%M%S.pcap10,M-200i,00:40:ab:c4:dc:9c,S-0808,,,,,8,"40,8",,0x00-0x2f/48,,,,
m200-anchor-openwindow-20260721-221150.pcap,M-200i,00:40:ab:c4:80:41,reac-pw(slave stand-in),,,,,16,"16,40",,0x00-0x2f/48,0x20,16,True,"0x26,0x2f"
m200-ch16-anchor-toggle-20260721-220347.pcap,M-200i,00:40:ab:c4:80:41,reac-pw(slave stand-in),,,,,16,"16,40",,0x00-0x2f/48,,,,
m200-ch16-anchor-v2-20260721-220654.pcap,M-200i,00:40:ab:c4:80:41,reac-pw(slave stand-in),,,,,16,"16,40",,0x00-0x2f/48,,,,
m200-ch7-ON-OFF-ON-20260721-215743.pcap,M-200i,00:40:ab:c4:80:41,reac-pw(slave stand-in),,,,,16,"16,40",,0x00-0x2f/48,,,,0x26
m200-headamp-1357_16-toggle3-20260721-214420.pcap,M-200i,00:40:ab:c4:80:41,reac-pw(slave stand-in),,,,,16,"16,40",,0x00-0x2f/48,,,,
m200-pad-sweep-20260721-222651.pcap,M-200i,00:40:ab:c4:80:41,reac-pw(slave stand-in),,,,,16,"16,40",,0x00-0x2f/48,,,,
m200-pad-v2-20260721-223131.pcap,M-200i,00:40:ab:c4:80:41,reac-pw(slave stand-in),,,,,16,"16,40",,0x00-0x2f/48,0x20,16,True,
m200-s1608-COLDCONNECT-clean-2026-07-24.pcap,M-200i,00:40:ab:c4:80:41,reac-pw(slave stand-in),,,,,16,"16,40",,0x00-0x2f/48,,,,
m200-s1608-establish-today-20260721-235750.pcap,M-200i,00:40:ab:c4:80:41,reac-pw(slave stand-in),0x82,0x02,16,8,"16,8","16,40",,0x00-0x2f/48,0x20,16,True,
reacpw-cc03-headamp-20260721-231501.pcap,M-200i,00:40:ab:c4:80:41,reac-pw(slave stand-in),,,,,16,"16,40",,0x00-0x2f/48,,,,0x20
reacpw-establish-20260721-234355.pcap,M-200i,00:40:ab:c4:80:41,reac-pw(slave stand-in),0x82,0x02,16,8,"16,8","16,40",1i/4o,0x00-0x2f/48,,,,0x20
reacpw-estcommit-233158.pcap,M-200i,00:40:ab:c4:80:41,reac-pw(slave stand-in),0x82,0x02,16,8,16,,1i/4o,0x00-0x0e/15,0x20,16,True,
reacpw-headamp-fulllen-20260721-230628.pcap,?00:40:ab:c9:cc:04,00:40:ab:c4:80:41,reac-pw(slave stand-in),,,,,16,"16,40",,0x00-0x2f/48,,,,0x20
reacpw-headamp-preset-20260721-225954.pcap,?00:40:ab:c9:cc:04,00:40:ab:c4:80:41,reac-pw(slave stand-in),,,,,16,,,0x00-0x2f/48,,,,0x20
reacpw-in1-phantom-20260721-224512.pcap,M-200i,00:40:ab:c4:80:41,reac-pw(slave stand-in),,,,,16,"16,40",,0x00-0x2f/48,,,,
reacpw-reconnect-20260722-000735.pcap,"?00:40:ab:c9:cc:04,M-200i",00:40:ab:c4:80:41,reac-pw(slave stand-in),0x82,0x02,16,8,"16,8","16,40",1i/4o,0x00-0x2f/48,0x20,16,True,0x20
m200-scene-recall-2026-07-17.pcap,M-200i,00:40:ab:c4:80:41,reac-pw(slave stand-in),0x82,0x02,16,8,"16,8",3,,0x00-0x2f/48,0x20,16,True,"0x20,0x22,0x2f"
